Entity,Super
Q233603,['Q5']
Q352200,['Q5']
Q3305213,['Q4502142']
Q594890,"['Q2003221', 'Q474717']"
Q604419,['Q5']
Q1335445,"['Q193622', 'Q2003221']"
Q229854,['Q5']
Q186256,['Q5']
Q1796163,['Q369359']
Q1683024,['Q1391128']
Q233196,['Q5']
Q233587,['Q5']
Q343621,['Q5']
Q751275,"['Q193622', 'Q5124642']"
Q31931611,['Q31931265']
Q462892,['Q5']
Q2630473,['Q5']
Q4064508,"['Q2998467', 'Q3317779']"
Q444290,['Q5']
Q8436,"['Q4430243', 'Q16334295', 'Q874405', 'Q1313923']"
Q116,"['Q4164871', 'Q355567', 'Q2304859', 'Q12737077', 'Q48352']"
Q3010,"['Q7569', 'Q84048850']"
Q8441,"['Q80994', 'Q84048850']"
Q7569,"['Q5932254', 'Q851990', 'Q1516282', 'Q5']"
Q467,"['Q80994', 'Q84048852']"
Q3031,"['Q7569', 'Q84048852']"
Q5432,['Q5']
Q63070,['Q20643955']
Q14130,['Q327496']
Q107293,['Q3629395']
Q234668,['Q15618781']
Q336989,"['Q12046531', 'Q190903', 'Q66429760']"
Q23413,['Q57821']
Q726,"['Q165115', 'Q57814795', 'Q55983715']"
Q1313,"['Q15275719', 'Q24384']"
Q3537778,"['Q2305786', 'Q57814795', 'Q55983715']"
Q201097,['Q987767']
Q942467,"['Q2634521', 'Q20127274', 'Q20643955']"
Q345,['Q20643955']
Q81103,['Q1246258']
Q2207370,['Q14745']
Q80151,['Q14952']
Q1075310,"['Q16103215', 'Q8023902', 'Q35872']"
Q131559,['Q50414774']
Q3579211,"['Q173603', 'Q11798718']"
Q181469,"['Q2235308', 'Q170483']"
Q2167774,['Q178561']
Q50414774,"['Q1333024', 'Q14524031', 'Q20793164']"
Q14660,"['Q806880', 'Q100792256', 'Q17335294']"
Q15026,"['Q2207370', 'Q14745']"
Q11446,"['Q1229765', 'Q2235308', 'Q16391167']"
Q12796,"['Q104385260', 'Q15142889']"
Q44475,"['Q649107', 'Q768186']"
Q12791,"['Q15407649', 'Q9180322']"
Q1219811,[]
Q166502,"['Q1411242', 'Q60227']"
Q22808839,['Q467']
Q160091,"['Q107425', 'Q271669']"
Q167633,['Q22676']
Q273761,['Q327496']
Q505619,['Q781413']
Q733786,"['Q102250838', 'Q2566598', 'Q63187345']"
Q774306,"['Q189533', 'Q3332438', 'Q66811410']"
Q643352,"['Q756', 'Q55983715']"
Q1986098,['Q8514257']
Q595942,['Q1900281']
Q209542,['Q16334298']
Q243778,"['Q811979', 'Q1183543']"
Q200334,['Q12518']
Q7777019,"['Q1006733', 'Q52105']"
Q148993,['Q10884']
Q6933946,['Q1048314']
Q472953,"['Q15636229', 'Q600236']"
Q207172,"['Q1074814', 'Q1760958', 'Q44575957']"
Q7930989,"['Q486972', 'Q3257686', 'Q56061']"
Q1144593,['Q8514257']
Q506,['Q24060707']
Q4421,"['Q2083910', 'Q101998', 'Q184806', 'Q37813']"
Q29957,['Q834028']
Q571,"['Q732577', 'Q2342494', 'Q49848']"
Q14748,"['Q1357761', 'Q14745']"
Q527,['Q107']
Q175185,"['Q82794', 'Q2221906']"
Q134388,"['Q11688446', 'Q7805266', 'Q24284226']"
Q6000508,['Q7249602']
Q34726,['Q9134']
Q7873,"['Q289472', 'Q103907369', 'Q629103', 'Q1058795']"
Q44204,['Q45713']
Q4,"['Q2956046', 'Q2996394', 'Q3505845']"
Q23852,"['Q170494', 'Q104025222', 'Q66599465']"
Q44595,"['Q14819856', 'Q170430']"
Q170379,"['Q16326794', 'Q22988604']"
Q504076,['Q22988604']
Q122248,['Q23015925']
Q650711,"['Q180684', 'Q1931388']"
Q3196,['Q1293220']
Q200539,['Q11460']
Q43115,"['Q216353', 'Q4120621', 'Q15978876', 'Q17573152']"
Q96952903,['Q987767']
Q201251,"['Q3917160', 'Q16521', 'Q55983715']"
Q157952,['Q16521']
Q1107656,"['Q107425', 'Q386724', 'Q628858', 'Q1165944', 'Q17350442', 'Q21950738', 'Q22652', 'Q35145743']"
Q4489450,"['Q24334893', 'Q86901', 'Q23847174']"
Q862089,['Q16521']
Q170984,"['Q80071', 'Q28972621', 'Q5064153']"
Q14458220,"['Q147545', 'Q16128920', 'Q25403900', 'Q4692249', 'Q2095']"
Q3352472,[]
Q207766,['Q1496967']
Q83310,['Q16521']
Q8021345,['Q55983715']
Q2423874,"['Q12497663', 'Q29154515']"
Q9394,"['Q25900', 'Q57814795', 'Q55983715']"
Q140,"['Q6667323', 'Q16521']"
Q23397,"['Q271669', 'Q337567', 'Q3391202']"
Q190,"['Q178885', 'Q215627', 'Q635155', 'Q23847174']"
Q5113,['Q16521']
Q165,"['Q2221906', 'Q337567', 'Q2507626']"
Q8063,['Q3405827']
Q19014,"['Q1107656', 'Q98088085', 'Q24334893']"
Q2102,"['Q10811', 'Q55983715']"
Q7246,"['Q2239243', 'Q15707583', 'Q24296329']"
Q58701,"['Q1406161', 'Q22813672']"
Q10884,"['Q157957', 'Q757163', 'Q55983715']"
Q5,"['Q215627', 'Q154954', 'Q164509', 'Q55983715']"
Q7378,"['Q7377', 'Q55983715']"
Q1845,['Q47461344']
Q196,"['Q3314483', 'Q14712']"
Q12507,"['Q875399', 'Q306610', 'Q484298', 'Q211548', 'Q4751134', 'Q22808481', 'Q208395', 'Q30092280']"
Q8074,"['Q16332653', 'Q1322005']"
Q564,"['Q443814', 'Q23847174']"
Q7375,['Q16521']
Q825,"['Q178885', 'Q5576009', 'Q12047392', 'Q2155501', 'Q98088085', 'Q34394', 'Q190']"
Q101401,"['Q838948', 'Q1254773', 'Q55721729']"
Q161936,"['Q207174', 'Q634304', 'Q3658341', 'Q636497']"
Q213761,['Q19394283']
Q168983,"['Q3839081', 'Q3196']"
Q207651,"['Q212238', 'Q28640', 'Q57735705']"
Q1250916,"['Q215627', 'Q1414937', 'Q12737077', 'Q17305127', 'Q28640', 'Q32090']"
Q180733,['Q65516030']
Q179904,"['Q376', 'Q42622779']"
Q215548,"['Q138858', 'Q12406482', 'Q16335296', 'Q2429735']"
Q751884,['Q57306162']
Q209554,"['Q11712894', 'Q11405']"
Q657221,['Q6460735']
Q962104,['Q19394283']
Q207821,['Q55724836']
Q564910,['Q35874']
Q1662735,"['Q1254773', 'Q180744']"
Q10289,['Q987767']
Q45722,"['Q216353', 'Q250867', 'Q4164871', 'Q63188808']"
Q40847,['Q2578402']
Q12097,"['Q4164871', 'Q355567', 'Q28640', 'Q116', 'Q8441']"
Q1368,"['Q1643989', 'Q1659862', 'Q7598359']"
Q11411,"['Q131436', 'Q1188693']"
Q13147,"['Q265868', 'Q4936952', 'Q28659665']"
Q461585,[]
Q235113,"['Q193291', 'Q4271324', 'Q42104541', 'Q6949149']"
Q80228,"['Q987767', 'Q16896124']"
Q335201,"['Q657709', 'Q95685937']"
Q191808,"['Q733786', 'Q1423891', 'Q467', 'Q63187345']"
Q49848,"['Q234460', 'Q340169', 'Q47461344', 'Q37866906']"
Q373017,"['Q1914636', 'Q192296']"
Q81710,"['Q12059906', 'Q28640']"
Q34379,"['Q267228', 'Q39546']"
Q2934,"['Q1797813', 'Q57814795', 'Q55983715']"
Q506182,['Q5']
Q181947,['Q30750835']
Q144,"['Q39201', 'Q57814795', 'Q55983715']"
Q14659,"['Q80071', 'Q17335294']"
Q32500,['Q5']
Q23390,['Q16521']
Q189299,"['Q4470686', 'Q3575260']"
Q188830,"['Q1196129', 'Q954007', 'Q84048852']"
Q154326,"['Q1406161', 'Q375011', 'Q98183947', 'Q22704077']"
Q851918,['Q9415']
Q51671,"['Q13002315', 'Q6567237', 'Q22813674']"
Q302,"['Q178885', 'Q20643955']"
Q6749621,"['Q855680', 'Q11375911']"
Q5852,['Q1762457']
Q987767,"['Q9158768', 'Q8205328', 'Q39546']"
Q11748378,"['Q1797813', 'Q830', 'Q729', 'Q43445']"
Q12888135,"['Q837718', 'Q20087093', 'Q28877']"
Q42603,"['Q1423891', 'Q4164871', 'Q2259532', 'Q63187345']"
Q210723,"['Q2453629', 'Q17379796']"
Q191851,"['Q838948', 'Q987767', 'Q16896124']"
Q3399907,"['Q2366864', 'Q3773693', 'Q17379525', 'Q45621']"
Q57216,['Q99513137']
Q5580,['Q5']
Q192785,"['Q3707571', 'Q20643955']"
Q23640,"['Q17781690', 'Q188193']"
Q41370,['Q20643955']
Q48422,"['Q170494', 'Q2937981']"
Q124072,"['Q125734', 'Q1046481', 'Q15142889']"
Q821952,['Q1138737']
Q1125062,['Q11499147']
Q4991371,"['Q4164871', 'Q6857706', 'Q47064']"
Q181146,['Q124734']
Q216169,"['Q15169167', 'Q15747939']"
Q327496,['Q207961']
Q80994,"['Q5932254', 'Q785260', 'Q851990', 'Q185836', 'Q7239']"
Q130912,"['Q3629395', 'Q2862130']"
Q843533,['Q66558307']
Q349185,['Q9069454']
Q17245659,['Q23786']
Q76469,['Q1058795']
Q188641,"['Q4936952', 'Q206718', 'Q66558307']"
Q3039121,['Q1231896']
Q202466,['Q1048314']
Q2191986,"['Q5932254', 'Q851990']"
Q8502,"['Q271669', 'Q2221906']"
Q10791,['Q1190554']
Q12518,['Q41176']
Q405,['Q2537']
Q20460,"['Q4502142', 'Q21550515', 'Q392371']"
Q43748,"['Q1847641', 'Q18534278', 'Q66568682']"
Q9103,"['Q4936952', 'Q189961', 'Q66557754']"
Q43801,"['Q206060', 'Q66511773']"
Q132041,['Q39546']
Q431488,['Q188055']
Q3769366,['Q1190554']
Q359936,['Q5']
Q488841,"['Q1406161', 'Q22704077']"
Q193507,['Q5']
Q40662,['Q20643955']
Q66481349,"['Q1406161', 'Q22704077']"
Q199657,"['Q1914636', 'Q11862829', 'Q2200417']"
Q188669,"['Q811979', 'Q811909']"
Q4575936,"['Q12038335', 'Q7368']"
Q35197,['Q65037298']
Q35473,['Q391414']
Q40953,"['Q223393', 'Q234460', 'Q1914636', 'Q98088085', 'Q23847174', 'Q451967']"
Q468802,['Q5']
Q392371,"['Q80071', 'Q40843']"
Q33923,['Q20643955']
Q1246258,"['Q104385260', 'Q15142889', 'Q64418']"
Q125734,['Q728']
Q1046481,"['Q1058629', 'Q15142889']"
Q15142889,"['Q16889133', 'Q20937557']"
Q39546,"['Q2424752', 'Q16798631', 'Q35825432']"
Q188055,"['Q207645', 'Q273976']"
Q14952,"['Q1065579', 'Q11460']"
Q4164871,"['Q214339', 'Q16686448']"
Q6857706,"['Q1047113', 'Q28640']"
Q47064,"['Q1250916', 'Q12737077', 'Q703534', 'Q28640']"
Q1190554,['Q26907166']
Q1333024,['Q3030569']
Q14524031,"['Q1333024', 'Q11460']"
Q20793164,['Q16798631']
Q806880,"['Q80071', 'Q340169', 'Q2560056']"
Q100792256,"['Q19478619', 'Q11028']"
Q17335294,['Q112110']
Q165115,"['Q729', 'Q16521']"
Q57814795,"['Q622852', 'Q57812611']"
Q55983715,"['Q21871294', 'Q19361238', 'Q16334298']"
Q649107,['Q222405']
Q768186,"['Q2184715', 'Q16798631']"
Q15407649,['Q222405']
Q9180322,"['Q1514280', 'Q1617400', 'Q29431432']"
Q14745,"['Q2424752', 'Q1357761', 'Q8205328', 'Q31807746']"
Q16103215,"['Q2235308', 'Q16335899', 'Q24017414']"
Q8023902,['Q2120578']
Q35872,"['Q1229765', 'Q16103215', 'Q41321608']"
Q173603,"['Q1333024', 'Q485027', 'Q14952']"
Q11798718,['Q18643213']
Q2235308,"['Q19478619', 'Q16335899']"
Q170483,"['Q2235308', 'Q8023902', 'Q11446']"
Q178561,"['Q645883', 'Q13418847', 'Q650711']"
Q1229765,"['Q16335899', 'Q334166', 'Q42889', 'Q50380212']"
Q16391167,['Q42889']
Q104385260,"['Q1194773', 'Q15142889']"
Q64418,"['Q15142889', 'Q728']"
Q2424752,"['Q15401930', 'Q2897903']"
Q16798631,"['Q2424752', 'Q8205328']"
Q35825432,['Q35120']
Q207645,"['Q2000344', 'Q66740226']"
Q273976,['Q645883']
Q1065579,"['Q362200', 'Q11460']"
Q11460,"['Q386724', 'Q2424752']"
Q214339,['Q4897819']
Q16686448,['Q488383']
Q1047113,"['Q5962346', 'Q24017414', 'Q9081']"
Q28640,"['Q192581', 'Q12737077', 'Q19361238', 'Q24017414']"
Q12737077,"['Q151885', 'Q24017414', 'Q61788060']"
Q703534,"['Q852998', 'Q12737077', 'Q327055']"
Q26907166,['Q58415929']
Q215627,"['Q830077', 'Q795052', 'Q24229398', 'Q18336849']"
Q154954,"['Q151885', 'Q3778211']"
Q164509,"['Q72638', 'Q45983014']"
Q3030569,['Q16798631']
Q80071,"['Q478798', 'Q3695082']"
Q340169,['Q286583']
Q2560056,"['Q340169', 'Q1554180']"
Q19478619,"['Q151885', 'Q5127848', 'Q19868531', 'Q23958852']"
Q11028,['Q7184903']
Q112110,"['Q80071', 'Q478798', 'Q4502142']"
Q729,"['Q7239', 'Q16521']"
Q16521,"['Q21871294', 'Q24017414']"
Q622852,['Q729']
Q57812611,"['Q57812559', 'Q7377']"
Q21871294,"['Q16889133', 'Q98119401', 'Q24017414']"
Q19361238,"['Q19478619', 'Q21522864', 'Q24017465']"
Q16334298,"['Q24017414', 'Q61961344']"
Q222405,['Q125734']
Q2184715,"['Q2424752', 'Q28877']"
Q1514280,['Q222405']
Q1617400,['Q222405']
Q29431432,"['Q99469810', 'Q28813620']"
Q1357761,['Q223557']
Q8205328,"['Q223557', 'Q16686448']"
Q31807746,"['Q17537576', 'Q223557', 'Q16686448']"
Q728,"['Q18643213', 'Q39546']"
Q1058629,"['Q15142889', 'Q2862124']"
Q16889133,"['Q19478619', 'Q99527517']"
Q20937557,['Q16887380']
Q16335899,"['Q16889133', 'Q24017414']"
Q24017414,"['Q24017465', 'Q23959932']"
Q2120578,['Q19279121']
Q41321608,['Q42889']
Q485027,['Q50414774']
Q18643213,['Q16798631']
Q645883,"['Q1190554', 'Q28972820']"
Q13418847,['Q1190554']
Q334166,"['Q16889133', 'Q21146257', 'Q19361238', 'Q21162272']"
Q42889,"['Q987767', 'Q3245975', 'Q334166', 'Q11019']"
Q50380212,['Q337060']
Q1194773,"['Q153556', 'Q15142889']"
Q107425,['Q1496967']
Q271669,['Q12766313']
Q1496967,['Q82794']
Q12766313,['Q35145263']
Q1411242,['Q31172650']
Q60227,['Q451967']
Q31172650,['Q2393196']
Q451967,"['Q4026292', 'Q3769299', 'Q104637332', 'Q61788060']"
Q22676,['Q161928']
Q161928,['Q1065579']
Q207961,"['Q937228', 'Q246672', 'Q24034552']"
Q781413,"['Q2996394', 'Q14912053']"
Q2996394,"['Q3249551', 'Q13878858', 'Q64732777']"
Q14912053,"['Q2996394', 'Q22299483']"
Q102250838,"['Q189829', 'Q12737077', 'Q4504549']"
Q2566598,"['Q4504549', 'Q63188683']"
Q63187345,"['Q151885', 'Q4164871', 'Q12737077', 'Q24017414']"
Q189829,"['Q12737077', 'Q17573152']"
Q4504549,"['Q17573152', 'Q63188683']"
Q63188683,"['Q151885', 'Q4164871', 'Q24017414', 'Q28640', 'Q63187345']"
Q151885,"['Q1347367', 'Q2145290', 'Q7184903', 'Q23958852']"
Q189533,['Q3529618']
Q3332438,"['Q39631', 'Q28640']"
Q66811410,"['Q19361238', 'Q3922583']"
Q3529618,"['Q618779', 'Q828803', 'Q16023913']"
Q39631,"['Q12737077', 'Q11974939', 'Q66811410']"
Q3922583,"['Q24017414', 'Q28640']"
Q756,"['Q7239', 'Q16521']"
Q7239,['Q27043950']
Q8514257,['Q66424847']
Q66424847,['Q12893838']
Q1900281,['Q11259415']
Q11259415,['Q2695280']
Q61961344,"['Q16887380', 'Q98119401']"
Q811979,"['Q386724', 'Q618123', 'Q102074988', 'Q4406616', 'Q811430']"
Q1183543,['Q16686448']
Q386724,"['Q15401930', 'Q16686448']"
Q618123,['Q27096213']
Q102074988,"['Q16686448', 'Q15710813']"
Q4406616,"['Q488383', 'Q33104279', 'Q96251598']"
Q811430,"['Q386724', 'Q35145743']"
Q41176,"['Q811979', 'Q13226383']"
Q1006733,"['Q2083910', 'Q101998', 'Q1496967']"
Q52105,['Q1496967']
Q2083910,['Q101998']
Q101998,"['Q107425', 'Q30336093']"
Q157957,['Q756']
Q757163,['Q756']
Q1048314,['Q1075']
Q1075,"['Q214609', 'Q1207505', 'Q4373292', 'Q14506045', 'Q40890790']"
Q15636229,"['Q796194', 'Q55215846']"
Q600236,['Q796194']
Q796194,"['Q3249551', 'Q41689629', 'Q46857']"
Q55215846,"['Q103994247', 'Q24017414', 'Q55214844']"
Q1074814,"['Q6554101', 'Q39546', 'Q44575957']"
Q1760958,['Q39546']
Q44575957,"['Q103994247', 'Q24017414', 'Q44580842']"
Q6554101,"['Q1183543', 'Q39546', 'Q44580842']"
Q103994247,"['Q19478619', 'Q24017465']"
Q44580842,"['Q103994247', 'Q103995117', 'Q24017414']"
Q486972,"['Q82794', 'Q177634', 'Q2221906', 'Q27096235']"
Q3257686,"['Q486972', 'Q2221906', 'Q48907157']"
Q56061,"['Q15642541', 'Q15617994']"
Q82794,"['Q2221906', 'Q618123', 'Q27096213']"
Q177634,['Q874405']
Q2221906,"['Q937228', 'Q17334923', 'Q66747521']"
Q27096235,"['Q8205328', 'Q27096213']"
Q48907157,"['Q2221906', 'Q15989253', 'Q4503801']"
Q15642541,"['Q16686448', 'Q1496967']"
Q15617994,"['Q217594', 'Q12047392', 'Q104098715', 'Q24017414']"
Q24060707,['Q20011319']
Q20011319,"['Q4936952', 'Q104030742', 'Q28845870']"
Q184806,['Q5608096']
Q37813,"['Q101998', 'Q30336093', 'Q96116695']"
Q30336093,"['Q58778', 'Q96116695']"
Q5608096,['Q16334298']
Q96116695,"['Q21146257', 'Q19361238', 'Q96251598']"
Q834028,['Q16798631']
Q732577,"['Q386724', 'Q11033']"
Q2342494,"['Q488383', 'Q223557']"
Q11033,"['Q340169', 'Q11862829', 'Q1047113', 'Q8148']"
Q488383,"['Q33104279', 'Q104093226', 'Q35120']"
Q223557,"['Q4406616', 'Q96251598']"
Q234460,"['Q184754', 'Q47461344', 'Q11028']"
Q47461344,['Q17537576']
Q37866906,['Q1554231']
Q107,"['Q33104303', 'Q21550639', 'Q3054889']"
Q33104303,['Q151885']
Q21550639,['Q24034552']
Q3054889,['Q36161']
Q84048850,['Q5']
Q5932254,['Q2725376']
Q785260,['Q20056177']
Q851990,['Q874405']
Q185836,"['Q107715', 'Q2199864', 'Q100343219']"
Q27096213,['Q58416391']
Q937228,"['Q714737', 'Q19478619', 'Q35120']"
Q17334923,"['Q4373292', 'Q27096213']"
Q66747521,['Q12812139']
Q84048852,"['Q5', 'Q43445']"
Q43445,"['Q7239', 'Q19088', 'Q290']"
Q20643955,"['Q12405827', 'Q21070568']"
Q12405827,"['Q4271324', 'Q18563354', 'Q18706315']"
Q21070568,['Q21070598']
Q4502142,"['Q838948', 'Q8205328']"
Q838948,"['Q17537576', 'Q18593264', 'Q28877']"
Q2003221,"['Q193622', 'Q992253', 'Q16334295', 'Q15893266', 'Q8425']"
Q474717,"['Q2003221', 'Q3355778', 'Q15893266']"
Q193622,"['Q618779', 'Q38033430', 'Q43229']"
Q992253,['Q1530022']
Q16334295,['Q16334298']
Q15893266,"['Q27949697', 'Q64728693', 'Q35120', 'Q66593009']"
Q8425,"['Q151885', 'Q874405']"
Q3355778,['Q2061186']
Q618779,"['Q5282965', 'Q21142755']"
Q38033430,"['Q618779', 'Q16889133', 'Q24017414']"
Q43229,"['Q6671777', 'Q16334295', 'Q24229398']"
Q369359,"['Q193622', 'Q2003221']"
Q1391128,['Q193622']
Q5124642,"['Q618779', 'Q11796413']"
Q11796413,"['Q618779', 'Q38033430']"
Q31931265,['Q552345']
Q552345,"['Q80071', 'Q7225129']"
Q2998467,['Q11460']
Q3317779,"['Q11460', 'Q12684']"
Q12684,"['Q8187769', 'Q11042']"
Q4430243,"['Q2083958', 'Q7887142']"
Q874405,"['Q16334295', 'Q33104129', 'Q7887142', 'Q58778']"
Q1313923,['Q16334295']
Q2083958,['Q4184950']
Q7887142,"['Q2198779', 'Q4330518']"
Q33104129,['Q151885']
Q58778,"['Q6671777', 'Q96251598']"
Q355567,"['Q216353', 'Q4120621', 'Q187588']"
Q2304859,"['Q1097498', 'Q12737077']"
Q48352,"['Q294414', 'Q372436']"
Q216353,"['Q82799', 'Q618779']"
Q4120621,['Q5127848']
Q187588,"['Q874405', 'Q841628']"
Q1097498,"['Q82955', 'Q1251441', 'Q12737077', 'Q15296531']"
Q61788060,['Q1914636']
Q294414,['Q4164871']
Q372436,"['Q82955', 'Q28640']"
Q1516282,"['Q1811014', 'Q7239']"
Q2725376,['Q12483']
Q1811014,['Q186081']
Q3629395,['Q39546']
Q15618781,['Q1301433']
Q1301433,"['Q334166', 'Q42889']"
Q12046531,"['Q223557', 'Q837718']"
Q190903,['Q756']
Q66429760,['Q28969364']
Q837718,['Q28877']
Q28969364,['Q28969293']
Q57821,['Q6852233']
Q6852233,"['Q18691599', 'Q41176']"
Q15275719,"['Q1656682', 'Q12044624']"
Q24384,['Q186081']
Q1656682,"['Q1190554', 'Q602884']"
Q12044624,['Q67518233']
Q186081,"['Q937228', 'Q26907166']"
Q830077,['Q35120']
Q795052,"['Q7887142', 'Q23958946']"
Q24229398,['Q23958946']
Q18336849,"['Q19902884', 'Q35120']"
Q3778211,"['Q24229398', 'Q931483', 'Q26720107']"
Q72638,"['Q159344', 'Q7239']"
Q45983014,['Q16887380']
Q4271324,"['Q15619164', 'Q21070598', 'Q24334685']"
Q18563354,['Q13002315']
Q18706315,"['Q64728693', 'Q35120']"
Q21070598,"['Q18336849', 'Q18706315']"
Q246672,"['Q24034552', 'Q7184903', 'Q96251598']"
Q24034552,['Q151885']
Q17537576,['Q15621286']
Q18593264,['Q223557']
Q28877,"['Q488383', 'Q2897903', 'Q29028649', 'Q64513524']"
Q20056177,"['Q1811014', 'Q55597235']"
Q107715,"['Q309314', 'Q4373292', 'Q71550118', 'Q71758646']"
Q2199864,"['Q107715', 'Q192276', 'Q30337748', 'Q181175']"
Q100343219,['Q186081']
Q27043950,"['Q104054982', 'Q53617489']"
Q19088,"['Q7239', 'Q16521']"
Q290,['Q4897819']
Q1530022,['Q43229']
Q27949697,['Q21281405']
Q64728693,['Q7184903']
Q35120,"['Q151885', 'Q23958852']"
Q66593009,['Q21281405']
Q2061186,"['Q1530022', 'Q2742167', 'Q16334295']"
Q5282965,"['Q21142755', 'Q33104279', 'Q96253971']"
Q21142755,"['Q3265221', 'Q781413']"
Q6671777,['Q35120']
Q7225129,['Q4419563']
Q8187769,"['Q2976602', 'Q5333554', 'Q61788060']"
Q11042,"['Q2515887', 'Q3769299']"
Q4184950,['Q7184903']
Q2198779,"['Q151885', 'Q7184903']"
Q4330518,['Q488383']
Q96251598,"['Q21146257', 'Q19361238']"
Q4897819,"['Q1207505', 'Q35120']"
Q82799,"['Q3695082', 'Q8171']"
Q5127848,"['Q19478619', 'Q33104279', 'Q7184903']"
Q841628,"['Q2725376', 'Q33104129']"
Q82955,"['Q702269', 'Q28640']"
Q1251441,"['Q215627', 'Q4164871', 'Q12737077']"
Q15296531,['Q4164871']
Q1347367,['Q1207505']
Q2145290,"['Q151885', 'Q4393498']"
Q7184903,"['Q488383', 'Q23958852', 'Q96251598']"
Q23958852,"['Q23960977', 'Q23958852']"
Q24017465,"['Q23959932', 'Q24027474']"
Q23959932,"['Q23960977', 'Q23958852']"
Q1914636,"['Q4026292', 'Q20937557']"
Q12483,"['Q11862829', 'Q4671286', 'Q816264', 'Q395']"
Q28969293,['Q3405827']
Q18691599,['Q13226383']
Q602884,['Q483247']
Q67518233,"['Q3249551', 'Q67518978']"
Q57812559,['Q26401003']
Q7377,"['Q729', 'Q16521']"
Q98119401,"['Q16889133', 'Q24017465']"
Q21522864,['Q35120']
Q9158768,['Q6671777']
Q2305786,['Q16521']
Q2634521,"['Q216353', 'Q3320743', 'Q23847174']"
Q20127274,['Q59157079']
Q3320743,"['Q216353', 'Q618779', 'Q4189293']"
Q23847174,['Q151885']
Q59157079,['Q11028']
Q4189293,"['Q82799', 'Q4164871', 'Q4120621']"
Q15401930,['Q16686448']
Q2897903,"['Q26907166', 'Q29028649']"
Q362200,"['Q2424752', 'Q8205328']"
Q19279121,['Q42889']
Q28972820,"['Q3249551', 'Q1150070']"
Q180684,['Q839578']
Q1931388,['Q179289']
Q153556,"['Q1183543', 'Q15142889', 'Q728']"
Q99527517,"['Q35120', 'Q23958852']"
Q16887380,"['Q19478619', 'Q28813620']"
Q99469810,"['Q24017414', 'Q24017465']"
Q28813620,['Q99527517']
Q19868531,['Q151885']
Q21146257,"['Q16889133', 'Q19478619']"
Q21162272,['Q4026292']
Q3245975,"['Q2424752', 'Q1485500']"
Q11019,"['Q1183543', 'Q39546']"
Q337060,['Q223557']
Q478798,['Q11795009']
Q3695082,"['Q7184903', 'Q11028']"
Q286583,['Q8205328']
Q1554180,['Q488383']
Q2393196,['Q1207505']
Q4026292,"['Q1190554', 'Q33104279']"
Q3769299,['Q9332']
Q104637332,['Q67518233']
Q35145263,"['Q618123', 'Q16686022', 'Q27096220']"
Q3249551,"['Q1190554', 'Q1150070', 'Q20937557']"
Q13878858,['Q3249551']
Q64732777,['Q483247']
Q22299483,"['Q2996394', 'Q22299433']"
Q12893838,"['Q1207505', 'Q3505845']"
Q2695280,"['Q3249551', 'Q1914636', 'Q21162272']"
Q15710813,"['Q1454986', 'Q6671777']"
Q33104279,['Q151885']
Q35145743,"['Q618123', 'Q27096235']"
Q13226383,"['Q2221906', 'Q618123', 'Q43229', 'Q27096235']"
Q214609,"['Q2424752', 'Q28555911']"
Q1207505,"['Q937228', 'Q33104279', 'Q96253971']"
Q4373292,"['Q937228', 'Q96253971']"
Q14506045,['Q1293220']
Q40890790,['Q9128']
Q41689629,['Q2695280']
Q46857,['Q1799072']
Q55214844,"['Q103994247', 'Q103995117', 'Q24017414']"
Q103995117,"['Q21146257', 'Q103994247', 'Q24017414']"
Q15989253,['Q35120']
Q4503801,['Q21484471']
Q217594,"['Q16889133', 'Q246672']"
Q12047392,"['Q16889133', 'Q24017414']"
Q104098715,"['Q19478619', 'Q24017414']"
Q4936952,"['Q27043948', 'Q104007623', 'Q28845870']"
Q104030742,"['Q103820425', 'Q103997018', 'Q24017414']"
Q28845870,"['Q1310239', 'Q16686022']"
Q11862829,"['Q1047113', 'Q24017414']"
Q8148,"['Q1914636', 'Q3958441']"
Q104093226,"['Q104086571', 'Q24017414']"
Q184754,"['Q190087', 'Q20937557']"
Q1554231,"['Q31464082', 'Q35120']"
Q58416391,['Q58415929']
Q714737,"['Q151885', 'Q33104279']"
Q12812139,['Q1969448']
Q828803,['Q216353']
Q16023913,"['Q79719', 'Q374814', 'Q601401']"
Q11974939,"['Q702269', 'Q55645123', 'Q28640']"
Q192581,"['Q16532276', 'Q189970']"
Q36161,"['Q217594', 'Q864377', 'Q246672', 'Q19361238', 'Q5469988']"
Q17573152,"['Q215627', 'Q4392985']"
Q11688446,"['Q178885', 'Q4271324']"
Q7805266,['Q178885']
Q24284226,['Q178885']
Q178885,"['Q4271324', 'Q15619164', 'Q28855038']"
Q15619164,['Q830077']
Q28855038,"['Q30060629', 'Q18706315']"
Q24334685,['Q18706315']
Q7249602,['Q51159758']
Q51159758,['Q149086']
Q149086,"['Q844482', 'Q2438541', 'Q74948922']"
Q45713,"['Q3707571', 'Q22989102']"
Q3707571,['Q6949149']
Q22989102,"['Q95074', 'Q178885', 'Q22988604']"
Q6949149,"['Q2239243', 'Q4271324', 'Q28020127']"
Q95074,"['Q6647660', 'Q14897293', 'Q18336849']"
Q22988604,"['Q95074', 'Q4271324']"
Q14819856,"['Q2996394', 'Q2990593']"
Q170430,['Q1823478']
Q2990593,"['Q2996394', 'Q11862829', 'Q9332']"
Q1823478,"['Q2996394', 'Q22269697']"
Q9332,['Q1914636']
Q22269697,['Q2996394']
Q289472,"['Q27043948', 'Q27166344', 'Q104007623']"
Q103907369,"['Q103820425', 'Q103997018', 'Q24017414']"
Q629103,"['Q2424752', 'Q28969293']"
Q1058795,"['Q289472', 'Q11435', 'Q19388114']"
Q27043948,"['Q53617407', 'Q66394244']"
Q27166344,['Q35758']
Q104007623,"['Q103812671', 'Q103997018', 'Q24017414']"
Q103820425,"['Q103812671', 'Q103997133', 'Q24017414']"
Q103997018,"['Q94945104', 'Q19361238']"
Q11435,"['Q102205', 'Q15831576']"
Q19388114,"['Q289472', 'Q16686022']"
Q53617407,"['Q35758', 'Q53617489']"
Q66394244,"['Q104007623', 'Q27043950']"
Q35758,['Q28728771']
Q103812671,"['Q21146257', 'Q103995117', 'Q103997133', 'Q24017414']"
Q103997133,"['Q94945104', 'Q19361238']"
Q94945104,"['Q19478619', 'Q103994247', 'Q24017465']"
Q3405827,"['Q214609', 'Q188460', 'Q16686022', 'Q28555911']"
Q102205,"['Q27166344', 'Q4437984']"
Q15831576,['Q52063183']
Q16686022,"['Q223557', 'Q29651224']"
Q2956046,"['Q3537517', 'Q1150070']"
Q3505845,"['Q151885', 'Q937228', 'Q483247', 'Q96253971']"
Q3537517,[]
Q1150070,"['Q1190554', 'Q33104279']"
Q483247,"['Q1190554', 'Q16722960']"
Q96253971,"['Q21146257', 'Q19361238']"
Q16722960,"['Q33104279', 'Q35120']"
Q170494,"['Q4936952', 'Q104007623']"
Q104025222,"['Q103820425', 'Q103997018', 'Q24017414']"
Q66599465,['Q170494']
Q9134,"['Q483394', 'Q34394', 'Q49447', 'Q36192']"
Q483394,"['Q16889133', 'Q19361238']"
Q34394,"['Q5303685', 'Q54989186']"
Q49447,"['Q131841', 'Q151885', 'Q20978643']"
Q36192,"['Q483394', 'Q11862829', 'Q17537576']"
Q5303685,['Q20978643']
Q54989186,['Q813912']
Q131841,"['Q151885', 'Q2145290', 'Q33104279']"
Q20978643,"['Q2145290', 'Q595523']"
Q23015925,"['Q22989102', 'Q466470']"
Q466470,"['Q1387388', 'Q6549417']"
Q1387388,"['Q2239243', 'Q6549417']"
Q6549417,['Q35120']
Q839578,"['Q609298', 'Q1066689', 'Q11024']"
Q179289,['Q930933']
Q609298,"['Q602884', 'Q52948']"
Q1066689,"['Q3769299', 'Q11024']"
Q11024,"['Q1413287', 'Q6031064', 'Q11862829', 'Q921513']"
Q930933,['Q7184903']
Q1293220,['Q16722960']
Q16326794,"['Q2239243', 'Q4271324']"
Q2239243,['Q24334685']
Q6647660,"['Q151885', 'Q15989253']"
Q14897293,['Q17537576']
Q15978876,['Q51621']
Q51621,"['Q189819', 'Q47690487']"
Q4392985,['Q844569']
Q8171,"['Q187931', 'Q2944660']"
Q189819,['Q3769299']
Q47690487,['Q7302601']
Q844569,"['Q1207505', 'Q1860557']"
Q628858,"['Q2221906', 'Q13226383']"
Q1165944,['Q149013']
Q17350442,"['Q2221906', 'Q13226383', 'Q1496967']"
Q21950738,['Q107']
Q22652,"['Q11081619', 'Q1454188']"
Q149013,"['Q11862829', 'Q4671286']"
Q11081619,['Q205895']
Q1454188,['Q1496967']
Q4671286,['Q11862829']
Q205895,"['Q82794', 'Q107425', 'Q20719696']"
Q28972621,['Q14952']
Q5064153,"['Q9053464', 'Q56627913']"
Q9053464,"['Q16798631', 'Q11460']"
Q56627913,['Q223557']
Q11795009,['Q174984']
Q12497663,"['Q179461', 'Q223393', 'Q5185279', 'Q1065742']"
Q29154515,['Q1980247']
Q179461,"['Q223393', 'Q7725634', 'Q12617225', 'Q49848']"
Q223393,"['Q483394', 'Q1792379', 'Q8242']"
Q5185279,"['Q223393', 'Q838948', 'Q7725634', 'Q4263830', 'Q482']"
Q1065742,"['Q188451', 'Q638']"
Q1980247,"['Q234460', 'Q732577', 'Q15989253']"
Q7725634,"['Q234460', 'Q47461344']"
Q12617225,"['Q223393', 'Q7725634']"
Q1792379,"['Q483394', 'Q17537576']"
Q8242,"['Q17537576', 'Q56055944', 'Q735', 'Q6486703']"
Q4263830,['Q1437361']
Q482,"['Q223393', 'Q7725634', 'Q4263830']"
Q188451,"['Q151885', 'Q1792379', 'Q15198957']"
Q638,"['Q1047113', 'Q173799', 'Q56055944', 'Q735', 'Q11461']"
Q337567,['Q863944']
Q3391202,"['Q337567', 'Q12372505']"
Q863944,['Q2507626']
Q12372505,['Q863944']
Q2507626,"['Q151885', 'Q15324']"
Q188460,"['Q1554231', 'Q15075845', 'Q11879003']"
Q28555911,['Q6005984']
Q15075845,"['Q214609', 'Q28877']"
Q11879003,['Q1554231']
Q29651224,"['Q488383', 'Q96251598']"
Q6005984,['Q28921572']
Q15707583,"['Q26700453', 'Q15831596']"
Q24296329,"['Q2962925', 'Q24334299']"
Q26700453,['Q15306849']
Q15831596,"['Q16889133', 'Q23958852']"
Q2962925,"['Q33027691', 'Q27303980']"
Q24334299,['Q2239243']
Q15306849,"['Q863900', 'Q14897293']"
Q33027691,"['Q19361238', 'Q15831596']"
Q27303980,"['Q33027691', 'Q27303911']"
Q1406161,"['Q2712963', 'Q20742825', 'Q11028']"
Q22813672,"['Q10648343', 'Q22813674']"
Q2712963,['Q1084']
Q20742825,['Q1166770']
Q10648343,"['Q327245', 'Q16334295', 'Q2700595']"
Q22813674,"['Q14514600', 'Q16334295']"
Q1084,"['Q82799', 'Q82042', 'Q29888377']"
Q1166770,"['Q386724', 'Q11024']"
Q327245,"['Q16334295', 'Q43229']"
Q2700595,"['Q874405', 'Q33104129', 'Q853725', 'Q29431432']"
Q14514600,"['Q14897293', 'Q23010327']"
Q15621286,['Q386724']
Q3917160,['Q16521']
Q24334893,"['Q24334685', 'Q33294038']"
Q86901,['Q16354816']
Q33294038,"['Q16889133', 'Q24017414']"
Q16354816,['Q24334893']
Q147545,['Q1364']
Q16128920,['Q3314483']
Q25403900,"['Q10675206', 'Q100434640', 'Q2095']"
Q4692249,"['Q28149961', 'Q1364']"
Q2095,"['Q1194058', 'Q1422299']"
Q1364,"['Q27494256', 'Q24060707']"
Q3314483,"['Q16686022', 'Q25403900', 'Q27043864', 'Q2095', 'Q29043258']"
Q10675206,"['Q214609', 'Q15989253']"
Q100434640,['Q17339814']
Q28149961,"['Q21146257', 'Q19361238']"
Q1194058,"['Q2424752', 'Q1681365']"
Q1422299,['Q837718']
Q27494256,['Q12812139']
Q27043864,['Q26902770']
Q29043258,['Q27481006']
Q17339814,"['Q98119401', 'Q24017465']"
Q1681365,['Q28877']
Q25900,['Q16521']
Q6667323,['Q25265']
Q25265,"['Q729', 'Q16521']"
Q635155,['Q178885']
Q30060629,['Q488383']
Q23958946,"['Q104086571', 'Q35120']"
Q19902884,['Q101072']
Q15324,"['Q82794', 'Q20719696']"
Q20719696,"['Q618123', 'Q223557']"
Q10811,['Q16521']
Q931483,['Q2135465']
Q26720107,"['Q830077', 'Q24229398']"
Q159344,"['Q902805', 'Q7239']"
Q875399,['Q320357']
Q306610,"['Q3058244', 'Q1517914']"
Q484298,"['Q222032', 'Q2721559']"
Q211548,"['Q21550639', 'Q36161']"
Q4751134,"['Q3552958', 'Q4751141']"
Q22808481,['Q306610']
Q208395,"['Q190046', 'Q207961', 'Q849425', 'Q30092280']"
Q30092280,"['Q21651861', 'Q78139400']"
Q320357,['Q4392123']
Q3058244,"['Q632814', 'Q1324364']"
Q1517914,"['Q381892', 'Q2721559']"
Q222032,['Q472971']
Q2721559,"['Q326908', 'Q203920', 'Q1363919']"
Q3552958,['Q2721559']
Q4751141,['Q91438488']
Q190046,"['Q381892', 'Q30092280']"
Q849425,['Q484298']
Q21651861,"['Q3505239', 'Q211548', 'Q852117']"
Q78139400,"['Q4751134', 'Q852117']"
Q4392123,"['Q177646', 'Q66707394']"
Q632814,"['Q1510587', 'Q2498782']"
Q1324364,['Q472971']
Q381892,"['Q320357', 'Q583034', 'Q290618', 'Q859275', 'Q970119']"
Q472971,"['Q24034552', 'Q36161']"
Q326908,"['Q65943', 'Q284347', 'Q8778429', 'Q15841121']"
Q203920,"['Q179899', 'Q7048762', 'Q326908', 'Q1363919']"
Q1363919,"['Q926996', 'Q680081', 'Q936155']"
Q864377,['Q246672']
Q5469988,['Q4393498']
Q91438488,['Q168344']
Q3505239,['Q484298']
Q852117,"['Q648995', 'Q973321']"
Q16332653,"['Q1322005', 'Q58928516']"
Q1322005,['Q483247']
Q58928516,['Q151885']
Q443814,['Q16354816']
Q5576009,['Q190']
Q2155501,"['Q5576009', 'Q190']"
Q98088085,"['Q1260632', 'Q23847174']"
Q1260632,"['Q12488383', 'Q11028']"
Q12488383,['Q7184903']
Q813912,"['Q151885', 'Q3505845']"
Q14712,"['Q28149961', 'Q28791169', 'Q15197056']"
Q28791169,"['Q28149961', 'Q1364']"
Q15197056,"['Q28149961', 'Q28791169']"
Q26902770,['Q26902962']
Q27481006,['Q27478161']
Q19394283,['Q39546']
Q376,"['Q4198689', 'Q42622779', 'Q11019']"
Q42622779,['Q2041172']
Q4198689,['Q517596']
Q2041172,"['Q1047213', 'Q39546']"
Q517596,"['Q15401930', 'Q58778']"
Q1047213,"['Q1183543', 'Q39546']"
Q6460735,['Q15275719']
Q2578402,['Q39546']
Q1643989,['Q190122']
Q1659862,['Q28877']
Q7598359,[]
Q190122,"['Q15809678', 'Q28038717']"
Q15809678,"['Q2424752', 'Q837171']"
Q28038717,[]
Q29028649,['Q151885']
Q64513524,['Q12812139']
Q131436,['Q3244175']
Q1188693,"['Q50843134', 'Q349', 'Q31629']"
Q3244175,"['Q2424752', 'Q8205328', 'Q14947863', 'Q17537576']"
Q50843134,['Q23807345']
Q349,['Q747883']
Q31629,"['Q16889133', 'Q24017414']"
Q14947863,['Q17351672']
Q23807345,"['Q476300', 'Q1914636']"
Q747883,"['Q6666023', 'Q61788060']"
Q265868,"['Q24060765', 'Q103914748', 'Q629103', 'Q66545297']"
Q28659665,"['Q4936952', 'Q104007623']"
Q24060765,"['Q712378', 'Q25570959']"
Q103914748,"['Q103997018', 'Q104007623', 'Q24017414']"
Q66545297,['Q66545295']
Q712378,"['Q4936952', 'Q103914748']"
Q25570959,"['Q4936952', 'Q104030742']"
Q66545295,['Q712378']
Q1310239,"['Q337060', 'Q15989253']"
Q207174,"['Q182545', 'Q1406161', 'Q15619164']"
Q634304,['Q2803758']
Q3658341,['Q95074']
Q636497,"['Q4897819', 'Q4070702']"
Q182545,"['Q151885', 'Q1762471', 'Q12767945']"
Q2803758,['Q178885']
Q4070702,['Q131714']
Q1762471,"['Q560311', 'Q11177771', 'Q12767945']"
Q12767945,"['Q151885', 'Q20817253']"
Q131714,['Q21146257']
Q3839081,"['Q813912', 'Q1132455', 'Q1190554', 'Q1931388', 'Q1920219']"
Q1132455,"['Q3505845', 'Q5422048']"
Q1920219,['Q621184']
Q5422048,"['Q104493', 'Q2135465', 'Q101208084']"
Q621184,['Q813912']
Q212238,"['Q572700', 'Q703534', 'Q382887', 'Q28640', 'Q80363469']"
Q57735705,['Q215627']
Q572700,"['Q16532929', 'Q28640']"
Q382887,"['Q599151', 'Q12737077', 'Q28640']"
Q80363469,"['Q12737077', 'Q703534']"
Q16532929,"['Q1162163', 'Q4164871', 'Q12737077']"
Q852998,['Q35120']
Q327055,"['Q215627', 'Q12737077']"
Q599151,"['Q212238', 'Q4164871', 'Q12737077']"
Q16532276,"['Q1914636', 'Q6958747', 'Q61788060', 'Q35120']"
Q189970,['Q11424100']
Q1414937,"['Q215627', 'Q12737077']"
Q17305127,['Q32859534']
Q32090,"['Q3769299', 'Q24034076']"
Q32859534,['Q14136353']
Q24034076,['Q7155']
Q14136353,"['Q14897293', 'Q15831596']"
Q7155,"['Q475042', 'Q431', 'Q99397804']"
Q65516030,"['Q1254773', 'Q230262', 'Q55724836']"
Q1254773,"['Q16889133', 'Q19361238', 'Q24017414']"
Q230262,['Q1798603']
Q55724836,"['Q1254773', 'Q55724833']"
Q1798603,"['Q1254773', 'Q1051772']"
Q55724833,"['Q1254773', 'Q30038759']"
Q138858,"['Q12737077', 'Q713200', 'Q28640']"
Q12406482,"['Q482980', 'Q483501', 'Q28640', 'Q58968']"
Q16335296,['Q28640']
Q2429735,"['Q2914170', 'Q16335296']"
Q713200,"['Q483501', 'Q28640']"
Q482980,"['Q2500638', 'Q12737077']"
Q483501,"['Q702269', 'Q12737077', 'Q28640']"
Q58968,"['Q4964182', 'Q28640']"
Q2914170,"['Q2207288', 'Q3391743', 'Q713200', 'Q28640']"
Q2500638,"['Q702269', 'Q12737077', 'Q13235160']"
Q702269,"['Q12737077', 'Q5']"
Q4964182,"['Q16727193', 'Q28640']"
Q2207288,"['Q1914636', 'Q29028649']"
Q3391743,"['Q483501', 'Q88789639']"
Q57306162,"['Q1254773', 'Q230262', 'Q55724840']"
Q55724840,"['Q1254773', 'Q55724833']"
Q11712894,"['Q173453', 'Q52954']"
Q11405,"['Q181247', 'Q1254773', 'Q173453']"
Q173453,"['Q1254773', 'Q659216']"
Q52954,"['Q1254773', 'Q34379']"
Q181247,"['Q1254773', 'Q659216']"
Q659216,"['Q1254773', 'Q34379']"
Q30038759,"['Q1254773', 'Q1808578']"
Q35874,"['Q483394', 'Q1149305', 'Q9332']"
Q1149305,['Q55919789']
Q55919789,"['Q1207505', 'Q33104279', 'Q18603648', 'Q21170479']"
Q180744,"['Q1254773', 'Q173453']"
Q55721729,"['Q1254773', 'Q30038792']"
Q30038792,"['Q1254773', 'Q19462049']"
Q19462049,"['Q1254773', 'Q5280486']"
Q250867,"['Q831474', 'Q105200214', 'Q42603', 'Q63188808']"
Q63188808,"['Q151885', 'Q4164871', 'Q24017414', 'Q63188683']"
Q831474,"['Q1423891', 'Q63188683', 'Q42603']"
Q105200214,"['Q105200223', 'Q63188808']"
Q1423891,"['Q3315492', 'Q105200223', 'Q63188683']"
Q105200223,"['Q2259532', 'Q63188683']"
Q2259532,"['Q4504549', 'Q17573152', 'Q63187345']"
Q193291,"['Q4271324', 'Q15619164', 'Q28855038']"
Q42104541,"['Q1977474', 'Q28855038']"
Q1977474,"['Q1503443', 'Q23847174']"
Q28020127,"['Q2593744', 'Q30017383', 'Q15831596']"
Q1503443,"['Q100195948', 'Q100171002']"
Q2593744,"['Q95074', 'Q15831596']"
Q30017383,"['Q14897293', 'Q15831596']"
Q16896124,"['Q987767', 'Q28367692']"
Q28367692,"['Q19829125', 'Q4406616']"
Q19829125,"['Q16889133', 'Q33104279']"
Q657709,"['Q987767', 'Q834028']"
Q95685937,['Q987767']
Q190087,"['Q175263', 'Q96253971']"
Q31464082,['Q488383']
Q3315492,"['Q2259532', 'Q63188683']"
Q192296,"['Q877729', 'Q8187769', 'Q10988986', 'Q7708485', 'Q29584262']"
Q877729,"['Q1914636', 'Q29028649']"
Q10988986,"['Q1792379', 'Q3249551', 'Q1914636']"
Q7708485,"['Q3249551', 'Q1914636']"
Q29584262,"['Q187939', 'Q8187769']"
Q2976602,"['Q5333554', 'Q36524']"
Q5333554,['Q24249534']
Q187939,"['Q7406919', 'Q8187769', 'Q4459228', 'Q10843872']"
Q267228,['Q1183543']
Q12059906,"['Q131512', 'Q2207288', 'Q28640', 'Q838811']"
Q131512,"['Q3485549', 'Q19261760']"
Q838811,"['Q131512', 'Q2207288', 'Q657326', 'Q12737077']"
Q3485549,"['Q6958747', 'Q192581']"
Q19261760,"['Q100529537', 'Q28640']"
Q657326,['Q187588']
Q1797813,['Q729']
Q30750835,['Q1194773']
Q39201,"['Q622852', 'Q26401003', 'Q57812559', 'Q28877']"
Q26401003,"['Q795052', 'Q18336849', 'Q729']"
Q4470686,['Q838948']
Q3575260,['Q2142903']
Q2142903,['Q362200']
Q1196129,"['Q954007', 'Q5']"
Q954007,['Q11666901']
Q11666901,['Q171318']
Q171318,"['Q874405', 'Q853725']"
Q375011,"['Q200538', 'Q132241', 'Q1445650']"
Q98183947,['Q13475159']
Q22704077,"['Q1406161', 'Q1758354', 'Q1318295']"
Q200538,['Q1656682']
Q132241,"['Q15275719', 'Q43229']"
Q1445650,"['Q15275719', 'Q14795564']"
Q13475159,['Q1445650']
Q1758354,"['Q6647660', 'Q33005760']"
Q1318295,"['Q223393', 'Q1437361', 'Q17537576', 'Q4263830']"
Q14795564,['Q1190554']
Q33005760,"['Q223393', 'Q22908314', 'Q11024']"
Q1437361,"['Q2085518', 'Q104624828']"
Q9415,"['Q282250', 'Q781413']"
Q282250,['Q35120']
Q13002315,['Q21070598']
Q6567237,"['Q717040', 'Q25810847']"
Q717040,['Q82821']
Q25810847,['Q95074']
Q82821,['Q251777']
Q23010327,"['Q24017414', 'Q15831596']"
Q855680,"['Q168658', 'Q179700']"
Q11375911,"['Q3148761', 'Q11784425']"
Q168658,['Q11422']
Q179700,"['Q860861', 'Q18783400']"
Q3148761,['Q6806548']
Q11784425,"['Q1979154', 'Q8205328']"
Q11422,"['Q2424752', 'Q17537576']"
Q860861,"['Q4502142', 'Q1746392', 'Q35459920']"
Q18783400,['Q1792379']
Q6806548,['Q178659']
Q1979154,"['Q4393498', 'Q41719']"
Q1762457,['Q796635']
Q796635,"['Q2424752', 'Q8205328', 'Q1485500', 'Q69016679', 'Q59095968']"
Q1485500,"['Q337060', 'Q223557', 'Q28877']"
Q69016679,['Q6657015']
Q59095968,"['Q268592', 'Q2184715', 'Q82604', 'Q631931', 'Q29028649']"
Q830,"['Q57814795', 'Q55983715']"
Q20087093,"['Q1146001', 'Q32914898']"
Q1146001,['Q31464082']
Q32914898,['Q8205328']
Q2453629,"['Q851782', 'Q987767']"
Q17379796,['Q56612157']
Q851782,"['Q1521410', 'Q22809652']"
Q56612157,"['Q987767', 'Q56627913']"
Q1521410,"['Q1357761', 'Q26037047']"
Q22809652,['Q1836700']
Q99513137,['Q851782']
Q2366864,"['Q154038', 'Q60310748']"
Q3773693,['Q1521410']
Q17379525,"['Q2424752', 'Q22809652']"
Q45621,"['Q2424752', 'Q230855', 'Q16829513', 'Q11438']"
Q154038,"['Q987767', 'Q1521410']"
Q60310748,['Q96952903']
Q230855,"['Q151885', 'Q937228', 'Q3505845']"
Q16829513,['Q214609']
Q11438,"['Q4437984', 'Q15831576', 'Q35758', 'Q11430']"
Q26037047,['Q39546']
Q1836700,"['Q2424752', 'Q8205328']"
Q4437984,"['Q79529', 'Q1704572']"
Q11430,"['Q104837', 'Q4373292']"
Q17781690,"['Q4936952', 'Q103914748', 'Q27062218']"
Q188193,"['Q4936952', 'Q103914748', 'Q30336093']"
Q27062218,"['Q4936952', 'Q104007623', 'Q20088819']"
Q20088819,['Q16887380']
Q2937981,['Q55082364']
Q55082364,['Q170494']
Q2862124,"['Q15142889', 'Q12796']"
Q1138737,"['Q1146001', 'Q815738', 'Q8205328', 'Q14745']"
Q815738,"['Q1357761', 'Q13402900', 'Q22809652']"
Q13402900,['Q31464082']
Q124734,"['Q180684', 'Q13418847']"
Q15169167,"['Q1799072', 'Q1931388']"
Q15747939,"['Q15169167', 'Q2140674', 'Q8454']"
Q1799072,"['Q2695280', 'Q16686448', 'Q104637332']"
Q2140674,"['Q1064904', 'Q1931388', 'Q7162621']"
Q8454,"['Q1763090', 'Q1931388', 'Q186361', 'Q149086']"
Q1064904,"['Q481609', 'Q193078']"
Q7162621,['Q193078']
Q1763090,"['Q3769186', 'Q49848']"
Q186361,"['Q4026292', 'Q2995644']"
Q11499147,"['Q12737077', 'Q15253558']"
Q15253558,"['Q937228', 'Q215627', 'Q2393196', 'Q12737077', 'Q17342249']"
Q17342249,"['Q1519259', 'Q9332']"
Q5962346,"['Q6423319', 'Q23958852']"
Q9081,"['Q33104279', 'Q54989186', 'Q104127086']"
Q55597235,"['Q207961', 'Q7239']"
Q309314,"['Q937228', 'Q246672']"
Q71550118,"['Q15619164', 'Q71758646']"
Q71758646,['Q24017414']
Q192276,"['Q5165061', 'Q11348', 'Q95744479']"
Q30337748,"['Q107715', 'Q71758646']"
Q181175,"['Q107715', 'Q1289248', 'Q71758646']"
Q104054982,"['Q19361238', 'Q1757074', 'Q24017414']"
Q53617489,['Q103940464']
Q2862130,['Q728']
Q66558307,['Q66557754']
Q66557754,['Q66570572']
Q66570572,['Q66511775']
Q9069454,[]
Q23786,"['Q1211967', 'Q104053', 'Q18534278']"
Q1211967,['Q1207505']
Q104053,['Q1207505']
Q18534278,['Q17781690']
Q206718,"['Q4936952', 'Q66558307']"
Q1231896,"['Q739302', 'Q26904132']"
Q739302,['Q3249551']
Q26904132,['Q11177771']
Q11177771,['Q2695280']
Q58415929,['Q35120']
Q2537,['Q1297322']
Q1297322,"['Q3132741', 'Q6999']"
Q3132741,"['Q17444909', 'Q6999']"
Q6999,"['Q17334923', 'Q17444909', 'Q223557', 'Q4235019']"
Q21550515,['Q8205328']
Q40843,"['Q80071', 'Q1229071', 'Q815741', 'Q60469796']"
Q1229071,"['Q68614425', 'Q55412936']"
Q815741,"['Q207961', 'Q36161']"
Q60469796,['Q80071']
Q1847641,"['Q1784017', 'Q18534278']"
Q66568682,['Q66543709']
Q1784017,['Q1517875']
Q66543709,['Q27058128']
Q1517875,"['Q181497', 'Q67014925']"
Q27058128,['Q27058129']
Q189961,"['Q754845', 'Q66592183']"
Q754845,"['Q4936952', 'Q9647', 'Q66502806']"
Q66592183,['Q66592073']
Q9647,"['Q4936952', 'Q24060765']"
Q66502806,['Q62122079']
Q66592073,['Q27162596']
Q66511775,['Q66600683']
Q206060,['Q40397']
Q66511773,['Q66600683']
Q40397,"['Q4936952', 'Q289472', 'Q103914748', 'Q20088819', 'Q27062218']"
Q66600683,['Q66516387']
Q66516387,['Q66596064']
Q2000344,['Q1799072']
Q66740226,['Q12812139']
Q2200417,"['Q2996394', 'Q781413']"
Q811909,"['Q1310239', 'Q16686448']"
Q65037298,['Q811909']
Q391414,"['Q618123', 'Q3955017', 'Q19603939']"
Q3955017,['Q2424752']
Q19603939,"['Q8205328', 'Q811430']"
Q12038335,"['Q1516282', 'Q20056177', 'Q729']"
Q7368,"['Q1797813', 'Q69301705', 'Q57814795', 'Q59099', 'Q55983715']"
Q69301705,"['Q842175', 'Q55983715']"
Q59099,['Q72638']
Q842175,['Q7377']
Q56055944,['Q21146257']
Q735,"['Q3249551', 'Q1914636', 'Q2018526', 'Q4671286', 'Q184872']"
Q6486703,['Q2018526']
Q68614425,"['Q15989253', 'Q17537576', 'Q151885']"
Q55412936,[]
Q24027474,"['Q23959932', 'Q24027515']"
Q6423319,"['Q340169', 'Q386724', 'Q1151067', 'Q1979154', 'Q3622126', 'Q96116695']"
Q104127086,"['Q12488383', 'Q11028']"
Q23960977,"['Q35120', 'Q23958852']"
Q24027515,"['Q23959932', 'Q24027526']"
Q1969448,"['Q151885', 'Q2944660']"
Q104086571,"['Q217594', 'Q24017414']"
Q101072,"['Q1200750', 'Q2684591']"
Q4393498,['Q930933']
Q2135465,"['Q151885', 'Q76419834']"
Q902805,['Q7239']
Q52063183,['Q11430']
Q816264,"['Q475023', 'Q2465832']"
Q395,"['Q475023', 'Q816264', 'Q4671286', 'Q11862829', 'Q41511']"
Q5165061,['Q1657198']
Q11348,"['Q130901', 'Q629085', 'Q1756942', 'Q24034552']"
Q95744479,"['Q21855572', 'Q22963169']"
Q1289248,"['Q1325769', 'Q2091629', 'Q2204117']"
Q1757074,"['Q1304193', 'Q23008367']"
Q103940464,['Q23958946']
Q560311,['Q11177771']
Q20817253,"['Q151885', 'Q29651519']"
Q2944660,['Q111352']
Q17444909,"['Q16889133', 'Q96251598', 'Q24017414']"
Q4235019,['Q488383']
Q27096220,['Q27096213']
Q62122079,['Q27162596']
Q27162596,"['Q4936952', 'Q27062218', 'Q103914748']"
Q181497,['Q13167784']
Q67014925,['Q66615932']
Q27058129,['Q27058130']
Q13167784,['Q485680']
Q66615932,['Q64732777']
Q27058130,"['Q27043948', 'Q104008702', 'Q104007623']"
Q66596064,['Q42349081']
Q42349081,"['Q103914748', 'Q4936952']"
Q28728771,['Q28732711']
Q79529,"['Q17339814', 'Q28732711', 'Q43460564']"
Q1704572,['Q35120']
Q9128,['Q11386']
Q475023,"['Q336', 'Q2465832']"
Q2465832,"['Q11862829', 'Q5962346', 'Q24017414']"
Q41511,['Q3144351']
Q1657198,['Q11348']
Q130901,['Q203066']
Q629085,['Q54940067']
Q1756942,['Q130901']
Q21855572,"['Q96251598', 'Q7184903']"
Q22963169,['Q215111']
Q1325769,['Q188524']
Q2091629,"['Q151885', 'Q937228']"
Q2204117,['Q188524']
Q1304193,"['Q77730568', 'Q246672', 'Q379825']"
Q23008367,"['Q1329540', 'Q44946']"
Q174984,"['Q107715', 'Q2150504', 'Q42848']"
Q22299433,['Q2996394']
Q844482,"['Q124490', 'Q4026292']"
Q2438541,['Q1931388']
Q74948922,['Q4']
Q595523,['Q9081']
Q52948,['Q4026292']
Q1413287,"['Q205961', 'Q527091', 'Q2015382']"
Q6031064,"['Q23009552', 'Q52948']"
Q921513,"['Q22272508', 'Q22294683', 'Q9332', 'Q2996394']"
Q28921572,['Q35758']
Q26902962,['Q2897903']
Q27478161,"['Q1485500', 'Q26988402']"
Q82042,['Q16889133']
Q29888377,['Q3257782']
Q853725,"['Q930933', 'Q11862829']"
Q17351672,['Q11410']
Q476300,"['Q52948', 'Q1139327']"
Q6666023,"['Q79782', 'Q193514']"
Q1051772,"['Q34379', 'Q1254773']"
Q1808578,"['Q19588495', 'Q1254773']"
Q13235160,"['Q214339', 'Q31464082']"
Q16727193,"['Q1650915', 'Q20826540', 'Q28640']"
Q88789639,"['Q28640', 'Q19361238']"
Q18603648,"['Q813912', 'Q1207505']"
Q21170479,['Q1207505']
Q36524,['Q1469824']
Q24249534,['Q5962346']
Q7406919,"['Q451967', 'Q2897903', 'Q58415929']"
Q4459228,"['Q739302', 'Q8148']"
Q10843872,['Q104637425']
Q4419563,['Q3249551']
Q22908314,['Q367293']
Q2085518,['Q36993249']
Q104624828,"['Q937228', 'Q2085518', 'Q21146257']"
Q1746392,['Q4989906']
Q35459920,['Q488383']
Q178659,"['Q478798', 'Q4502142']"
Q41719,"['Q108163', 'Q321703']"
Q6657015,"['Q16798631', 'Q39546']"
Q268592,"['Q58778', 'Q5962346', 'Q29028649']"
Q82604,"['Q1914636', 'Q3249551', 'Q1047113']"
Q631931,"['Q1792379', 'Q11862829', 'Q735']"
Q481609,"['Q3249551', 'Q47496130']"
Q193078,"['Q481609', 'Q2057971']"
Q3769186,['Q327000']
Q2995644,['Q733541']
Q2018526,"['Q80083', 'Q3958441', 'Q11862829']"
Q184872,['Q61788060']
Q175263,['Q494823']
Q67518978,['Q35120']
Q79719,"['Q93288', 'Q3312801']"
Q374814,['Q104637332']
Q601401,"['Q268592', 'Q23009552']"
Q55645123,"['Q2169973', 'Q4260475']"
Q21484471,"['Q191928', 'Q14946528', 'Q50081413']"
Q3958441,"['Q58778', 'Q5962346', 'Q29028649']"
Q187931,"['Q1786828', 'Q12767945', 'Q20817253']"
Q3265221,"['Q744778', 'Q23009459']"
Q7302601,"['Q189970', 'Q83493482']"
Q1860557,"['Q151885', 'Q20679883']"
Q15198957,['Q2198779']
Q173799,"['Q1914636', 'Q8148']"
Q11461,"['Q3882459', 'Q19829125']"
Q863900,['Q1318295']
Q27303911,"['Q27276270', 'Q33027691']"
Q177646,"['Q3965271', 'Q36161', 'Q130901']"
Q66707394,['Q36161']
Q1510587,['Q3552958']
Q2498782,"['Q3552958', 'Q24034552']"
Q583034,['Q179899']
Q290618,['Q179899']
Q859275,['Q179899']
Q970119,['Q179899']
Q65943,"['Q108163', 'Q2684591', 'Q20665666']"
Q284347,['Q1148924']
Q8778429,['Q1148924']
Q15841121,['Q179899']
Q179899,['Q472971']
Q7048762,['Q179899']
Q926996,['Q179899']
Q680081,['Q179899']
Q936155,['Q179899']
Q168344,['Q179899']
Q648995,['Q1155772']
Q973321,['Q125539']
Q104493,"['Q1202245', 'Q13649246', 'Q21170479']"
Q101208084,"['Q21146257', 'Q19361238']"
Q837171,"['Q7406919', 'Q25351891', 'Q268592', 'Q8187769']"
Q5280486,"['Q133163', 'Q12639', 'Q1254773']"
Q1162163,"['Q4164871', 'Q12737077', 'Q28640', 'Q978044', 'Q2462658', 'Q25713832', 'Q59260362']"
Q6958747,"['Q1914636', 'Q33104129']"
Q11424100,"['Q4897819', 'Q4167410']"
Q475042,['Q60680430']
Q431,"['Q420', 'Q4671286', 'Q11862829']"
Q99397804,"['Q28598684', 'Q24017414']"
Q100195948,['Q1207505']
Q100171002,['Q30028999']
Q100529537,"['Q24017414', 'Q16889133']"
Q251777,"['Q1299714', 'Q657069']"
Q104837,['Q230875']
Q1519259,"['Q9420', 'Q35120']"
Q2515887,"['Q4026292', 'Q2083958']"
Q21281405,['Q17442446']
Q2742167,"['Q177634', 'Q43229', 'Q2135465', 'Q23847174']"
Q1454986,"['Q58778', 'Q96116695']"
